Participant ID	Biosample Accession	Study Time Collected
SUB188636.1264	BS978397	0.0
SUB188636.1264	BS978398	3.0
SUB188636.1264	BS978399	7.0
SUB188637.1264	BS978400	0.0
SUB188637.1264	BS978401	3.0
SUB188637.1264	BS978402	7.0
SUB188638.1264	BS978403	0.0
SUB188638.1264	BS978404	3.0
SUB188638.1264	BS978405	7.0
SUB188639.1264	BS978406	0.0
SUB188639.1264	BS978407	3.0
SUB188639.1264	BS978408	7.0
SUB188640.1264	BS978409	0.0
SUB188640.1264	BS978410	3.0
SUB188640.1264	BS978411	7.0
SUB188641.1264	BS978412	0.0
SUB188641.1264	BS978413	3.0
SUB188641.1264	BS978414	7.0
SUB188642.1264	BS978415	0.0
SUB188642.1264	BS978416	1.0
SUB188642.1264	BS978419	21.0
SUB188642.1264	BS978417	3.0
SUB188642.1264	BS978418	7.0
SUB188643.1264	BS978420	0.0
SUB188643.1264	BS978421	1.0
SUB188643.1264	BS978424	21.0
SUB188643.1264	BS978422	3.0
SUB188643.1264	BS978423	7.0
SUB188644.1264	BS978425	0.0
SUB188644.1264	BS978426	1.0
SUB188644.1264	BS978429	21.0
SUB188644.1264	BS978427	3.0
SUB188644.1264	BS978428	7.0
SUB188645.1264	BS978430	0.0
SUB188645.1264	BS978431	1.0
SUB188645.1264	BS978434	21.0
SUB188645.1264	BS978432	3.0
SUB188645.1264	BS978433	7.0
SUB188646.1264	BS978435	0.0
SUB188646.1264	BS978436	1.0
SUB188646.1264	BS978439	21.0
SUB188646.1264	BS978437	3.0
SUB188646.1264	BS978438	7.0
SUB188647.1264	BS978440	0.0
SUB188647.1264	BS978441	1.0
SUB188647.1264	BS978444	21.0
SUB188647.1264	BS978442	3.0
SUB188647.1264	BS978443	7.0
SUB188648.1264	BS978445	0.0
SUB188648.1264	BS978446	3.0
SUB188648.1264	BS978447	7.0
SUB188649.1264	BS978448	0.0
SUB188649.1264	BS978449	3.0
SUB188649.1264	BS978450	7.0
SUB188650.1264	BS978451	0.0
SUB188650.1264	BS978452	3.0
SUB188650.1264	BS978453	7.0
SUB188651.1264	BS978454	0.0
SUB188651.1264	BS978455	3.0
SUB188651.1264	BS978456	7.0
SUB188652.1264	BS978457	0.0
SUB188652.1264	BS978458	3.0
SUB188652.1264	BS978459	7.0
SUB188653.1264	BS978460	0.0
SUB188653.1264	BS978461	3.0
SUB188653.1264	BS978462	7.0
SUB188654.1264	BS978463	0.0
SUB188654.1264	BS978464	3.0
SUB188654.1264	BS978465	7.0
SUB188655.1264	BS978466	0.0
SUB188655.1264	BS978467	3.0
SUB188655.1264	BS978468	7.0
SUB188656.1264	BS978469	0.0
SUB188656.1264	BS978470	3.0
SUB188656.1264	BS978471	7.0
SUB188657.1264	BS978472	0.0
SUB188657.1264	BS978473	3.0
SUB188657.1264	BS978474	7.0
SUB188658.1264	BS978475	0.0
SUB188658.1264	BS978476	3.0
SUB188658.1264	BS978477	7.0
SUB188659.1264	BS978478	0.0
SUB188659.1264	BS978479	3.0
SUB188659.1264	BS978480	7.0
SUB188660.1264	BS978481	0.0
SUB188660.1264	BS978482	3.0
SUB188660.1264	BS978483	7.0
